season,player_id,name,bats,throws
2022,abboc001,Cory Abbott,R,R
2022,abrac001,CJ Abrams,L,R
2022,abrea001,Albert Abreu,R,R
2022,abreb002,Bryan Abreu,R,R
2022,abrej003,Jose Abreu,R,R
2022,acevd001,Domingo Acevedo,R,R
2022,acunr001,Ronald Acuna,R,R
2022,adama002,Austin Adams,R,R
2022,adamj002,Jason Adam,R,R
2022,adamr004,Riley Adams,R,R
2022,adamw002,Willy Adames,R,R
2022,adelj001,Jo Adell,R,R
2022,adonj001,Joan Adon,R,R
2022,adrie001,Ehire Adrianza,B,R
2022,aguij001,Jesus Aguilar,R,R
2022,aguir002,Ryan Aguilar,L,L
2022,ahmen001,Nick Ahmed,R,R
2022,akink001,Keegan Akin,L,L
2022,albeh001,Hanser Alberto,R,R
2022,albio001,Ozzie Albies,B,R
2022,alcaj001,Jorge Alcala,R,R
2022,alcas001,Sandy Alcantara,R,R
2022,alcas002,Sergio Alcantara,B,R
2022,alexa001,A. J. Alexy,R,R
2022,alexj001,Jason Alexander,R,R
2022,alexs001,Scott Alexander,L,L
2022,alext001,Tyler Alexander,R,L
2022,alfaj002,Jorge Alfaro,R,R
2022,alfoa002,Anthony Alford,R,R
2022,allak001,Kolby Allard,L,L
2022,alldc001,Cam Alldred,L,L
2022,allea001,Austin Allen,L,R
2022,alleg002,Greg Allen,B,R
2022,allel002,Logan Allen,R,L
2022,allen002,Nick Allen,R,R
2022,almoa001,Abraham Almonte,B,R
2022,almoa002,Albert Almora,R,R
2022,almoy001,Yency Almonte,R,R
2022,alonp001,Pete Alonso,R,R
2022,altuj001,Jose Altuve,R,R
2022,alvae001,Eddy Alvarez,L,R
2022,alvaf001,Francisco Alvarez,R,R
2022,alvaj003,Jose Alvarez,L,L
2022,alvaj004,Jose Alvarado,L,L
2022,alvar001,R. J. Alvarez,R,R
2022,alvay001,Yordan Alvarez,L,R
2022,alzoa001,Adbert Alzolay,R,R
2022,andeb006,Brian Anderson,R,R
2022,andec001,Chase Anderson,R,R
2022,andei001,Ian Anderson,R,R
2022,andes002,Shaun Anderson,R,R
2022,andet001,Tim Anderson,R,R
2022,andet002,Tyler Anderson,L,L
2022,andre001,Elvis Andrus,R,R
2022,andum001,Miguel Andujar,R,R
2022,appem001,Mark Appel,R,R
2022,aquia001,Aristides Aquino,R,R
2022,aranj001,Jonathan Aranda,L,R
2022,aranv001,Victor Arano,R,R
2022,arauj001,Jonathan Arauz,B,R
2022,archc001,Chris Archer,R,R
2022,arcio002,Orlando Arcia,R,R
2022,arenn001,Nolan Arenado,R,R
2022,ariag002,Gabriel Arias,R,R
2022,arihk001,Kohei Arihara,R,R
2022,armss001,Shawn Armstrong,R,R
2022,arozr001,Randy Arozarena,R,R
2022,arral001,Luis Arraez,L,R
2022,arroc001,Christian Arroyo,R,R
2022,ashba003,Aaron Ashby,R,L
2022,ashcg001,Graham Ashcraft,L,R
2022,assaj001,Javier Assad,R,R
2022,astuw001,Willians Astudillo,R,R
2022,avilp001,Pedro Avila,R,R
2022,azocj001,Jose Azocar,R,R
2022,badda001,Akil Baddoo,L,L
2022,badeh001,Harrison Bader,R,R
2022,bae-j001,Ji Hwan Bae,L,R
2022,baezj001,Javier Baez,R,R
2022,baezm001,Michel Baez,R,R
2022,baezp001,Pedro Baez,R,R
2022,bakeb001,Bryan Baker,R,R
2022,banda001,Anthony Banda,L,L
2022,bankt001,Tanner Banks,R,L
2022,bannr001,Rylan Bannon,R,R
2022,banum001,Manny Banuelos,R,L
2022,bardd001,Daniel Bard,R,R
2022,bardl001,Luke Bard,R,R
2022,barkl002,Luke Barker,R,R
2022,barlj001,Joe Barlow,R,R
2022,barls001,Scott Barlow,R,R
2022,barna001,Austin Barnes,R,R
2022,barnj002,Jacob Barnes,R,R
2022,barnm001,Matt Barnes,R,R
2022,barnt001,Tucker Barnhart,B,R
2022,barrj003,Jaime Barria,R,R
2022,barrk002,Kyle Barraclough,R,R
2022,barrl001,Luis Barrera,L,L
2022,barrt004,Tres Barrera,R,R
2022,bartj003,Joey Bart,R,R
2022,bassa001,Anthony Bass,R,R
2022,bassc001,Chris Bassitt,R,R
2022,battm001,Matthew Batten,R,R
2022,batyb001,Brett Baty,L,R
2022,baumm001,Mike Baumann,R,R
2022,bautf001,Felix Bautista,R,R
2022,baz-s001,Shane Baz,R,R
2022,bazae001,Eduard Bazardo,R,R
2022,beasj001,Jeremy Beasley,R,R
2022,beatm001,Matt Beaty,L,R
2022,beckt001,Tim Beckham,R,R
2022,bednd001,David Bednar,L,R
2022,beedt001,Tyler Beede,R,R
2022,beekj001,Jalen Beeks,L,L
2022,beers001,Seth Beer,L,R
2022,bella001,Andrew Bellatti,R,R
2022,bellb002,Brayan Bello,R,R
2022,bellc002,Cody Bellinger,L,L
2022,bellj005,Josh Bell,B,R
2022,beltb001,Brandon Belt,L,L
2022,bemba001,Anthony Bemboom,L,R
2022,benda001,Anthony Bender,R,R
2022,benia002,Andrew Benintendi,L,L
2022,bensw001,Will Benson,L,L
2022,bernb001,Brennan Bernardino,L,L
2022,bernw001,Wynton Bernard,R,R
2022,berrj001,Jose Berrios,R,R
2022,bertj001,Jon Berti,R,R
2022,bethc001,Christian Bethancourt,R,R
2022,bettm001,Mookie Betts,R,R
2022,bichb001,Bo Bichette,R,R
2022,bickp001,Phil Bickford,R,R
2022,biebs001,Shane Bieber,R,R
2022,bielb001,Brandon Bielak,L,R
2022,biggc002,Cavan Biggio,L,R
2022,birdj001,Jake Bird,R,R
2022,blacc001,Charlie Blackmon,L,L
2022,blacp001,Paul Blackburn,R,R
2022,blact002,Ty Blach,R,L
2022,bland001,Dairon Blanco,R,R
2022,blanr001,Ronel Blanco,R,R
2022,blant002,Travis Blankenhorn,L,R
2022,bledj001,JJ Bleday,L,L
2022,bleir001,Richard Bleier,L,L
2022,bogax001,Xander Bogaerts,R,R
2022,bohma001,Alec Bohm,R,R
2022,bolar001,Ronald Bolanos,R,R
2022,bolts001,Skye Bolt,B,R
2022,borur001,Ryan Borucki,L,L
2022,boted002,David Bote,R,R
2022,boucs001,Sean Bouchard,R,R
2022,boxbb001,Brad Boxberger,R,R
2022,boydm001,Matt Boyd,L,L
2022,bracs001,Silvino Bracho,R,R
2022,brada001,Archie Bradley,R,R
2022,bradb002,Bobby Bradley,L,R
2022,bradj001,Jackie Bradley,L,R
2022,bradk001,Kyle Bradish,R,R
2022,branm003,Michael Brantley,L,L
2022,branr002,Rob Brantly,L,R
2022,brasm001,Matt Brash,R,R
2022,brasr001,Ryan Brasier,R,R
2022,braus002,Steven Brault,L,L
2022,brazh001,Huascar Brazoban,R,R
2022,brebj001,John Brebbia,L,R
2022,brega001,Alex Bregman,R,R
2022,brenj001,Jake Brentz,L,L
2022,brenw002,Will Brennan,L,L
2022,brica001,Austin Brice,R,R
2022,bridj001,Jonah Bride,R,R
2022,brieb001,Beau Brieske,R,R
2022,brigj002,Jeff Brigham,R,R
2022,brinl001,Lewis Brinson,R,R
2022,britz001,Zack Britton,L,L
2022,brogc001,Connor Brogdon,R,R
2022,brooa001,Aaron Brooks,R,R
2022,brosm001,Mike Brosseau,R,R
2022,browh001,Hunter Brown,R,R
2022,brows003,Seth Brown,L,L
2022,brubj001,JT Brubaker,R,R
2022,bruij001,Justin Bruihl,L,L
2022,brujv001,Vidal Brujan,B,R
2022,bryak001,Kris Bryant,R,R
2022,bubik001,Kris Bubic,L,L
2022,buehw001,Walker Buehler,R,R
2022,bumgm001,Madison Bumgarner,R,L
2022,bumma001,Aaron Bummer,L,L
2022,bundd001,Dylan Bundy,B,R
2022,burdp001,Peyton Burdick,R,R
2022,burgj001,Jake Burger,R,R
2022,burkb001,Brock Burke,L,L
2022,burla001,Alec Burleson,L,L
2022,burnc002,Corbin Burnes,R,R
2022,burrr002,Ryan Burr,R,R
2022,bushm001,Matt Bush,R,R
2022,buttj001,Jose Butto,R,R
2022,buxtb001,Byron Buxton,R,R
2022,cabre003,Edward Cabrera,R,R
2022,cabrg001,Genesis Cabrera,L,L
2022,cabrm001,Miguel Cabrera,R,R
2022,cabro002,Oswaldo Cabrera,B,R
2022,cainl001,Lorenzo Cain,R,R
2022,calhk001,Kole Calhoun,L,L
2022,calhw001,Willie Calhoun,L,R
2022,calla002,Alex Call,R,R
2022,camaj001,Johan Camargo,B,R
2022,camed001,Daz Cameron,R,R
2022,campl002,Luis Campusano,R,R
2022,candj002,Jeimer Candelario,B,R
2022,canhm001,Mark Canha,R,R
2022,canor001,Robinson Cano,L,R
2022,canoy001,Yennier Cano,R,R
2022,capec001,Conner Capel,L,L
2022,caprv001,Vinny Capra,R,R
2022,carav001,Victor Caratini,B,R
2022,carld002,Dylan Carlson,B,L
2022,carld003,Drew Carlton,R,R
2022,carpk001,Kerry Carpenter,L,R
2022,carpm002,Matt Carpenter,L,R
2022,carrc003,Carlos Carrasco,R,R
2022,carrc005,Corbin Carroll,L,L
2022,casac001,Curt Casali,R,R
2022,casat001,Triston Casas,L,R
2022,casta005,Anthony Castro,R,R
2022,castd002,Diego Castillo,R,R
2022,castd003,Daniel Castano,L,L
2022,castd004,Diego Castillo,R,R
2022,casth001,Harold Castro,L,R
2022,casth002,Humberto Castellanos,R,R
2022,castj006,Jason Castro,L,R
2022,castj007,Jose Castillo,L,L
2022,castk002,Kervin Castro,R,R
2022,castl003,Luis Castillo,R,R
2022,castl004,Luis Castillo,R,R
2022,castm002,Miguel Castro,R,R
2022,castm003,Max Castillo,R,R
2022,castn001,Nick Castellanos,R,R
2022,castr005,Ryan Castellani,R,R
2022,castr006,Rodolfo Castro,B,R
2022,castw003,Willi Castro,B,R
2022,cavac001,Cade Cavalli,R,R
2022,cavej001,Jake Cave,L,L
2022,ceasd001,Dylan Cease,R,R
2022,celeg001,Gilberto Celestino,R,L
2022,cessl001,Luis Cessa,R,R
2022,chacj001,Jhoulys Chacin,R,R
2022,chafa001,Andrew Chafin,R,L
2022,chany001,Yu Chang,R,R
2022,chapa001,Aroldis Chapman,L,L
2022,chapm001,Matt Chapman,R,R
2022,charj001,J. T. Chargois,B,R
2022,chavj001,Jesse Chavez,R,R
2022,chavm001,Michael Chavis,R,R
2022,chirr001,Robinson Chirinos,R,R
2022,chiry001,Yonny Chirinos,R,R
2022,chisj001,Jazz Chisholm,L,R
2022,choij001,Ji-Man Choi,L,R
2022,cimba001,Adam Cimber,R,R
2022,cishs001,Steve Cishek,R,R
2022,cisnj001,Jose Cisnero,R,R
2022,civaa001,Aaron Civale,R,R
2022,clart003,Taylor Clarke,R,R
2022,clase001,Emmanuel Clase,R,R
2022,claua001,Alex Claudio,L,L
2022,clays001,Sam Clay,L,L
2022,cleag001,Garrett Cleavinger,R,L
2022,cleme002,Ernie Clement,R,R
2022,clemk001,Kody Clemens,L,R
2022,clevm001,Mike Clevinger,R,R
2022,clipt001,Tyler Clippard,R,R
2022,cobba001,Alex Cobb,R,R
2022,coled003,Dylan Coleman,R,R
2022,coleg001,Gerrit Cole,R,R
2022,collz001,Zack Collins,L,R
2022,coloa001,Alex Colome,R,R
2022,contm001,Mark Contreras,L,R
2022,contr001,Roansy Contreras,R,R
2022,contw001,Willson Contreras,R,R
2022,contw002,William Contreras,R,R
2022,coons001,Sam Coonrod,R,R
2022,coopg002,Garrett Cooper,R,R
2022,corbp001,Patrick Corbin,L,L
2022,cordf003,Franchy Cordero,L,R
2022,corrc001,Carlos Correa,R,R
2022,cortn001,Nestor Cortes,R,L
2022,cottj001,Jharel Cotton,R,R
2022,could001,Danny Coulombe,L,L
2022,cousj001,Jake Cousins,R,R
2022,crawb001,Brandon Crawford,L,R
2022,crawj002,J. P. Crawford,L,R
2022,crawk001,Kutter Crawford,R,R
2022,crick001,Kyle Crick,L,R
2022,crisc002,Cooper Criswell,R,R
2022,crisn001,Nabil Crismatt,R,R
2022,cronc002,C. J. Cron,R,R
2022,cronj001,Jake Cronenworth,L,R
2022,croon001,Narciso Crook,R,R
2022,croww001,Wil Crowe,R,R
2022,cruzf002,Fernando Cruz,B,R
2022,cruzj006,Jesus Cruz,R,R
2022,cruzn002,Nelson Cruz,R,R
2022,cruzo001,Oneil Cruz,L,R
2022,cuasj001,Jose Cuas,R,R
2022,cuetj001,Johnny Cueto,R,R
2022,culbc001,Charlie Culberson,R,R
2022,currx001,Xzavion Curry,R,R
2022,cyr-t001,Tyler Cyr,R,R
2022,dalbb001,Bobby Dalbec,R,R
2022,danit001,Tyler Danish,R,R
2022,darnt001,Travis d'Arnaud,R,R
2022,darvy001,Yu Darvish,R,R
2022,davia003,Austin Davis,L,L
2022,davib006,Brendon Davis,R,R
2022,davij006,J. D. Davis,R,R
2022,davij007,Jonathan Davis,R,R
2022,davij008,Jaylin Davis,R,R
2022,davim005,Matt Davidson,R,R
2022,davin001,Noah Davis,R,R
2022,davit005,Tucker Davidson,L,L
2022,daviz001,Zach Davies,R,R
2022,dawsr001,Ronnie Dawson,L,R
2022,dazay001,Yonathan Daza,R,R
2022,deana001,Austin Dean,R,R
2022,degrj001,Jacob deGrom,L,R
2022,dejea001,Angel De Jesus,R,R
2022,dejoc001,Chase De Jong,L,R
2022,dejop001,Paul DeJong,R,R
2022,delab001,Bryan De La Cruz,R,R
2022,delaj004,Jason Delay,R,R
2022,deloe001,Enyel De Los Santos,R,R
2022,deloy001,Yerry De Los Santos,R,R
2022,delub001,Ben DeLuzio,R,R
2022,demet001,Travis Demeritte,R,R
2022,dermm001,Matt Dermody,R,L
2022,desca001,Anthony DeSclafani,R,R
2022,detmr001,Reid Detmers,L,L
2022,detwr001,Ross Detwiler,R,L
2022,devec001,Chris Devenski,R,R
2022,dever001,Rafael Devers,L,R
2022,diaza003,Aledmys Diaz,R,R
2022,diaza004,Alexis Diaz,R,R
2022,diaze005,Elias Diaz,R,R
2022,diaze006,Edwin Diaz,R,R
2022,diazj007,Jhonathan Diaz,L,L
2022,diazj008,Jordan Diaz,R,R
2022,diazl001,Lewin Diaz,L,L
2022,diazm004,Miguel Diaz,R,R
2022,diazy001,Yandy Diaz,R,R
2022,diazy003,Yusniel Diaz,R,R
2022,diazy004,Yainer Diaz,R,R
2022,dicka001,Alex Dickerson,L,L
2022,dickc002,Corey Dickerson,L,R
2022,diehp001,Phillip Diehl,L,L
2022,diekj001,Jake Diekman,R,L
2022,difow001,Wilmer Difo,B,R
2022,diplm001,Marcos Diplan,R,R
2022,dixob001,Brandon Dixon,R,R
2022,domis001,Seranthony Dominguez,R,R
2022,donaj001,Josh Donaldson,R,R
2022,donob001,Brendan Donovan,L,R
2022,dools001,Sean Doolittle,L,L
2022,dovac001,Camilo Doval,R,R
2022,dowdk001,Kyle Dowdy,R,R
2022,downj001,Jeter Downs,R,R
2022,dozih001,Hunter Dozier,R,R
2022,drurb001,Brandon Drury,R,R
2022,duard001,Daniel Duarte,R,R
2022,dubom001,Mauricio Dubon,R,R
2022,duffm002,Matt Duffy,R,R
2022,dufft001,Tyler Duffey,R,R
2022,duggr001,Robert Dugger,R,R
2022,duggs001,Steven Duggar,L,R
2022,dunaj001,Joe Dunand,R,R
2022,dunnd001,Dane Dunning,R,R
2022,dunnj002,Justin Dunn,R,R
2022,durae002,Ezequiel Duran,R,R
2022,duraj001,Jarren Duran,L,R
2022,duraj002,Jhoan Duran,R,R
2022,duron001,Nick Duron,R,R
2022,duvaa001,Adam Duvall,R,R
2022,eaton001,Nate Eaton,R,R
2022,edmat001,Tommy Edman,B,R
2022,edwac001,Carl Edwards,R,R
2022,effrs001,Scott Effross,R,R
2022,efliz001,Zach Eflin,R,R
2022,eickj001,Jerad Eickhoff,R,R
2022,eldeb001,Bryce Elder,R,R
2022,eliar001,Roenis Elias,L,L
2022,ellic001,Chris Ellis,L,R
2022,ellid002,Drew Ellis,R,R
2022,encaj002,Jerar Encarnacion,R,R
2022,engea001,Adam Engel,R,R
2022,eovan001,Nathan Eovaldi,R,R
2022,erlir001,Robbie Erlin,R,L
2022,escoa003,Alcides Escobar,R,R
2022,escoe001,Eduardo Escobar,B,R
2022,espia002,Anderson Espinoza,R,R
2022,espip001,Paolo Espino,R,R
2022,espir001,Raynel Espinal,R,R
2022,espis001,Santiago Espinal,R,R
2022,estec001,Carlos Estevez,R,R
2022,estrj002,Jeremiah Estrada,B,R
2022,estrt001,Thairo Estrada,R,R
2022,faeda001,Alex Faedo,R,R
2022,fairp001,Pete Fairbanks,R,R
2022,fairs001,Stuart Fairchild,R,R
2022,faltb001,Bailey Falter,R,L
2022,famij001,Jeurys Familia,R,R
2022,farmb001,Buck Farmer,L,R
2022,farmk001,Kyle Farmer,R,R
2022,farrl001,Luke Farrell,L,R
2022,faucc001,Calvin Faucher,R,R
2022,fedde001,Erick Fedde,R,R
2022,felim001,Michael Feliz,R,R
2022,felim002,Mario Feliciano,R,R
2022,feltr001,Ryan Feltner,R,R
2022,fergc001,Caleb Ferguson,R,L
2022,fermf002,Freddy Fermin,R,R
2022,fernj006,Junior Fernandez,R,R
2022,festm001,Matthew Festa,R,R
2022,feyej001,J. P. Feyereisen,R,R
2022,finnk001,Kyle Finnegan,R,R
2022,fishj002,Jake Fishman,L,L
2022,fishn001,Nate Fisher,L,L
2022,flahj002,Jack Flaherty,R,R
2022,flemj001,Josh Fleming,L,L
2022,fleta001,Aaron Fletcher,L,L
2022,fletd002,David Fletcher,R,R
2022,flexc001,Chris Flexen,R,R
2022,flord002,Dylan Floro,L,R
2022,flore001,Estevan Florial,L,R
2022,florw001,Wilmer Flores,R,R
2022,folej001,Jason Foley,R,R
2022,fordm002,Mike Ford,L,R
2022,fortn001,Nick Fortes,R,R
2022,fostm001,Matt Foster,R,R
2022,fox-l001,Lucius Fox,B,R
2022,fralj001,Jake Fraley,L,L
2022,franb002,Bowden Francis,R,R
2022,franm004,Maikel Franco,R,R
2022,frant002,Ty France,R,R
2022,franw002,Wander Franco,B,R
2022,fraza001,Adam Frazier,L,R
2022,frazc001,Jackson Frazier,R,R
2022,freef001,Freddie Freeman,L,R
2022,freek001,Kyle Freeland,L,L
2022,freet001,Tyler Freeman,R,R
2022,frial001,Luis Frias,R,R
2022,friem001,Max Fried,L,L
2022,friet001,TJ Friedl,L,L
2022,fry-p001,Paul Fry,L,L
2022,fulmm001,Michael Fulmer,R,R
2022,gaddh001,Hunter Gaddis,R,R
2022,gagem001,Matt Gage,L,L
2022,gallc001,Cam Gallagher,R,R
2022,gallg001,Giovanny Gallegos,R,R
2022,gallj002,Joey Gallo,L,R
2022,gallz001,Zac Gallen,R,R
2022,gameb001,Ben Gamel,L,L
2022,garca003,Avisail Garcia,R,R
2022,garca005,Adolis Garcia,R,R
2022,garca006,Aramis Garcia,R,R
2022,garcb001,Bryan Garcia,R,R
2022,garcd004,Dermis Garcia,R,R
2022,garcj006,Jarlin Garcia,L,L
2022,garcj007,Jose Barrero,R,R
2022,garcl004,Leury Garcia,B,R
2022,garcl005,Luis Garcia,R,R
2022,garcl006,Luis Garcia,L,R
2022,garcl007,Luis Garcia,R,R
2022,garcm003,Maikel Garcia,R,R
2022,garcr006,Rico Garcia,R,R
2022,garcr007,Rony Garcia,R,R
2022,garcy001,Yimi Garcia,R,R
2022,garlk001,Kyle Garlick,R,R
2022,garnd001,Dustin Garneau,R,R
2022,garra001,Amir Garrett,R,L
2022,garrb001,Braxton Garrett,R,L
2022,garrr001,Reed Garrett,R,R
2022,garrs003,Stone Garrett,R,R
2022,garvm001,Mitch Garver,R,R
2022,garzr001,Ralph Garza,R,R
2022,gausk001,Kevin Gausman,L,R
2022,germd001,Domingo German,R,R
2022,germf002,Franklin German,R,R
2022,gibai001,Ian Gibaut,R,R
2022,gibsk002,Kyle Gibson,R,R
2022,gil-l001,Luis Gil,R,R
2022,gilbl001,Lucas Gilbreath,L,L
2022,gilbl002,Logan Gilbert,R,R
2022,gilbt001,Tyler Gilbert,L,L
2022,gilek001,Ken Giles,R,R
2022,gilll001,Logan Gillaspie,R,R
2022,gimea001,Andres Gimenez,L,R
2022,ginkk001,Kevin Ginkel,L,R
2022,gioll001,Lucas Giolito,R,R
2022,givem001,Mychal Givens,R,R
2022,glast001,Tyler Glasnow,L,R
2022,godoj001,Jose Godoy,L,R
2022,goldp001,Paul Goldschmidt,R,R
2022,gomba001,Austin Gomber,L,L
2022,gomey001,Yan Gomes,R,R
2022,gonst001,Tony Gonsolin,R,R
2022,gonzc002,Chi Chi Gonzalez,R,R
2022,gonze004,Erik Gonzalez,R,R
2022,gonzl005,Luis Gonzalez,L,L
2022,gonzm002,Marwin Gonzalez,B,R
2022,gonzm005,Marco Gonzales,L,L
2022,gonzo001,Oscar Gonzalez,R,R
2022,gonzr003,Romy Gonzalez,R,R
2022,goodn002,Niko Goodrum,B,R
2022,gordd002,Dee Strange-Gordon,L,R
2022,gordn001,Nick Gordon,L,R
2022,gorem001,MacKenzie Gore,L,L
2022,goret001,Terrance Gore,R,R
2022,gormn001,Nolan Gorman,L,R
2022,gosea001,Anthony Gose,L,L
2022,gossp001,Phil Gosselin,R,R
2022,gottt001,Trevor Gott,R,R
2022,gouda001,Ashton Goudeau,R,R
2022,grany001,Yasmani Grandal,B,R
2022,gratb002,Brusdar Graterol,R,R
2022,gravk001,Kendall Graveman,R,R
2022,grayj003,Jon Gray,R,R
2022,grayj004,Josiah Gray,R,R
2022,grays001,Sonny Gray,R,R
2022,greec003,Chad Green,L,R
2022,greeh001,Hunter Greene,R,R
2022,greer003,Riley Greene,L,L
2022,grees005,Shane Greene,R,R
2022,gregd001,Didi Gregorius,L,R
2022,greig001,Grayson Greiner,R,R
2022,greiz001,Zack Greinke,R,R
2022,gricr001,Randal Grichuk,R,R
2022,griff001,Foster Griffin,R,L
2022,grimj002,Justin Grimm,R,R
2022,grist001,Trent Grisham,L,L
2022,grisv001,Vaughn Grissom,R,R
2022,grosj001,Jordan Groshans,R,R
2022,grosr001,Robbie Grossman,B,L
2022,grovm001,Michael Grove,R,R
2022,gselr001,Robert Gsellman,R,R
2022,guerj004,Javy Guerra,L,R
2022,guerv002,Vladimir Guerrero,R,R
2022,guill001,Luis Guillorme,L,R
2022,gurrl001,Lourdes Gurriel,R,R
2022,gurry001,Yuli Gurriel,R,R
2022,gustj001,Jandel Gustave,R,R
2022,guthd001,Dalton Guthrie,R,R
2022,gutik001,Kelvin Gutierrez,R,R
2022,gutiv001,Vladimir Gutierrez,R,R
2022,guzmr001,Ronald Guzman,L,L
2022,haase001,Eric Haase,R,R
2022,hadej001,Josh Hader,L,L
2022,hagej001,Jake Hager,R,R
2022,haggs001,Sam Haggerty,B,R
2022,halld003,Darick Hall,L,R
2022,halld004,DL Hall,L,L
2022,hamib001,Billy Hamilton,R,R
2022,hamic001,Caleb Hamilton,R,R
2022,hamii001,Ian Hamilton,R,R
2022,hampg001,Garrett Hampson,R,R
2022,handb001,Brad Hand,L,L
2022,hanim001,Mitch Haniger,R,R
2022,happi001,Ian Happ,B,R
2022,harpb003,Bryce Harper,L,R
2022,harrj002,Josh Harrison,R,R
2022,harrm003,Monte Harrison,R,R
2022,harrm004,Michael Harris,L,L
2022,harvh001,Hunter Harvey,R,R
2022,hasea001,Adam Haseley,L,L
2022,hatct001,Thomas Hatch,R,R
2022,hayek001,Ke'Bryan Hayes,R,R
2022,haysa001,Austin Hays,R,R
2022,headl001,Louis Head,R,R
2022,heana001,Andrew Heaney,L,L
2022,heart001,Taylor Hearn,L,L
2022,heasj001,Jonathan Heasley,R,R
2022,hedga001,Austin Hedges,R,R
2022,heimj001,Jonah Heim,B,R
2022,heint001,Tyler Heineman,B,R
2022,helsr001,Ryan Helsley,R,R
2022,hembh001,Heath Hembree,R,R
2022,hendg002,Gunnar Henderson,L,R
2022,hendk001,Kyle Hendricks,R,R
2022,hendl001,Liam Hendriks,R,R
2022,hendr003,Ryan Hendrix,R,R
2022,henrp001,Payton Henry,R,R
2022,henrr001,Ronny Henriquez,R,R
2022,henrt001,Tommy Henry,L,L
2022,hensd002,David Hensley,R,R
2022,hents001,Sam Hentges,L,L
2022,hereg002,Guillermo Heredia,R,L
2022,hergj001,Jimmy Herget,R,R
2022,hergk001,Kevin Herget,L,R
2022,hermm001,Michael Hermosillo,R,R
2022,hernc005,Cesar Hernandez,B,R
2022,hernc006,Carlos Hernandez,R,R
2022,hernd004,Darwinzon Hernandez,L,L
2022,herne001,Enrique Hernandez,R,R
2022,herne002,Elieser Hernandez,R,R
2022,herne003,Elier Hernandez,R,R
2022,hernj004,Jonathan Hernandez,R,R
2022,hernt002,Teoscar Hernandez,R,R
2022,herny002,Yadiel Hernandez,L,R
2022,herny003,Yonny Hernandez,B,R
2022,herri001,Ivan Herrera,R,R
2022,herrj003,Jose Herrera,B,R
2022,herro001,Odubel Herrera,L,R
2022,heywj001,Jason Heyward,L,L
2022,hicka001,Aaron Hicks,B,R
2022,hickb003,Brewer Hicklen,R,R
2022,hickj002,Jordan Hicks,R,R
2022,higak001,Kyle Higashioka,R,R
2022,higgp001,P. J. Higgins,R,R
2022,hilld002,Derek Hill,R,R
2022,hillg002,Garrett Hill,R,R
2022,hillr001,Rich Hill,L,L
2022,hills005,Sam Hilliard,L,L
2022,hillt002,Tim Hill,R,L
2022,hiurk001,Keston Hiura,R,R
2022,hjels001,Sean Hjelle,R,R
2022,hoeib001,Bryan Hoeing,R,R
2022,hoern001,Nico Hoerner,R,R
2022,hoffj003,Jeff Hoffman,R,R
2022,holdc001,Colin Holderman,R,R
2022,hollg001,Greg Holland,R,R
2022,hollg002,Gavin Hollowell,R,R
2022,hollj002,Jordan Holloway,R,R
2022,holmc001,Clay Holmes,R,R
2022,holtt002,Tyler Holton,L,L
2022,hoskr001,Rhys Hoskins,R,R
2022,hosme001,Eric Hosmer,L,L
2022,houct001,Tanner Houck,R,R
2022,housa001,Adrian Houser,R,R
2022,howas002,Sam Howard,R,L
2022,howas003,Spencer Howard,R,R
2022,hudsd001,Daniel Hudson,R,R
2022,hudsd002,Dakota Hudson,R,R
2022,huffs001,Sam Huff,R,R
2022,hughb002,Brandon Hughes,B,L
2022,hummc001,Cooper Hummel,B,R
2022,huntt002,Tommy Hunter,R,R
2022,hutcd001,Drew Hutchison,L,R
2022,ibana001,Andy Ibanez,R,R
2022,iglej001,Jose Iglesias,R,R
2022,igler001,Raisel Iglesias,R,R
2022,incie001,Ender Inciarte,L,L
2022,indij001,Jonathan India,R,R
2022,irvic001,Cole Irvin,L,L
2022,isbek001,Kyle Isbel,L,R
2022,jacka002,Alex Jackson,R,R
2022,jacka003,Andre Jackson,R,R
2022,jackd004,Drew Jackson,R,R
2022,jackj001,Jay Jackson,R,R
2022,jackz002,Zach Jackson,R,R
2022,jamed003,Drey Jameson,R,R
2022,jankt001,Travis Jankowski,L,R
2022,jansd001,Danny Jansen,R,R
2022,jansk001,Kenley Jansen,B,R
2022,javic001,Cristian Javier,R,R
2022,jax-g001,Griffin Jax,R,R
2022,jeffd001,Daulton Jefferies,L,R
2022,jeffr002,Ryan Jeffers,R,R
2022,jimed002,Dany Jimenez,R,R
2022,jimee001,Eloy Jimenez,R,R
2022,jimej003,Joe Jimenez,R,R
2022,joe-c001,Connor Joe,R,R
2022,johnb005,Bryce Johnson,B,R
2022,johnp001,Pierce Johnson,R,R
2022,joned003,Damon Jones,L,L
2022,jonen002,Nolan Jones,L,R
2022,jonet005,Taylor Jones,R,R
2022,judga001,Aaron Judge,R,R
2022,jungj001,Josh Jung,R,R
2022,junij001,Jakob Junis,R,R
2022,junkj001,Janson Junk,R,R
2022,kahnt001,Tommy Kahnle,R,R
2022,kaprj001,James Kaprielian,R,R
2022,karij001,James Karinchak,R,R
2022,katog001,Gosuke Katoh,L,R
2022,kay-a001,Anthony Kay,L,L
2022,kelej001,Jarred Kelenic,L,L
2022,kellb003,Brad Keller,R,R
2022,kellc002,Carson Kelly,R,R
2022,kellj001,Joe Kelly,R,R
2022,kellm002,Merrill Kelly,R,R
2022,kellm003,Mitch Keller,R,R
2022,kellm004,Michael Kelly,R,R
2022,kellt002,Trevor Kelley,R,R
2022,kellz001,Zack Kelly,R,R
2022,kempt001,Tony Kemp,L,R
2022,kennb002,Buddy Kennedy,R,R
2022,kenni001,Ian Kennedy,R,R
2022,keplm001,Max Kepler,L,L
2022,kerrr001,Ray Kerr,L,L
2022,kersc001,Clayton Kershaw,L,L
2022,keucd001,Dallas Keuchel,L,L
2022,kierk001,Kevin Kiermaier,L,R
2022,kikuy001,Yusei Kikuchi,L,L
2022,kilic001,Caleb Kilian,R,R
2022,kim-h002,Ha-Seong Kim,R,R
2022,kimbc001,Craig Kimbrel,R,R
2022,kinei001,Isiah Kiner-Falefa,R,R
2022,kingj002,John King,L,L
2022,kingm002,Michael King,R,R
2022,kings001,Scott Kingery,R,R
2022,kinlt001,Tyler Kinley,R,R
2022,kirbg001,George Kirby,R,R
2022,kiria001,Alex Kirilloff,L,L
2022,kirka001,Alejandro Kirk,R,R
2022,kitta001,Andrew Kittredge,R,R
2022,klubc001,Corey Kluber,R,R
2022,knapa001,Andrew Knapp,B,R
2022,knebc001,Corey Knebel,R,R
2022,knehr001,Reiss Knehr,L,R
2022,knigd001,Dusten Knight,R,R
2022,kniza001,Andrew Knizner,R,R
2022,kochm001,Matt Koch,L,R
2022,koenj001,Jared Koenig,R,L
2022,kolaa001,Adam Kolarek,L,L
2022,kolom001,Mark Kolozsvary,R,R
2022,kopem001,Michael Kopech,R,R
2022,kowaj001,Jackson Kowar,R,R
2022,kranm001,Max Kranick,R,R
2022,krehj001,Joey Krehbiel,R,R
2022,kreir001,Ryan Kreidler,R,R
2022,kremd001,Dean Kremer,R,R
2022,krizj001,Jason Krizan,L,R
2022,kuhlc001,Chad Kuhl,R,R
2022,kuhnj001,Joel Kuhnel,R,R
2022,kwans001,Steven Kwan,L,L
2022,ladwa001,A. J. Ladwig,R,R
2022,lagaj001,Juan Lagares,R,R
2022,lakit001,Travis Lakins,R,R
2022,lambj001,Jake Lamb,L,R
2022,lambj003,Jimmy Lambert,R,R
2022,lamed001,Dinelson Lamet,R,R
2022,langa001,Alex Lange,R,R
2022,langs001,Shea Langeliers,R,R
2022,larnt001,Trevor Larnach,L,R
2022,larsj001,Jack Larsen,L,L
2022,lastt001,Tommy La Stella,L,R
2022,lauee001,Eric Lauer,R,L
2022,laurr001,Ramon Laureano,R,R
2022,lavab001,Bryan Lavastida,R,R
2022,law-d001,Derek Law,R,R
2022,lawrc001,Casey Lawrence,R,R
2022,lawrj002,Justin Lawrence,R,R
2022,leblc001,Charles Leblanc,R,R
2022,leclj001,Jose Leclerc,R,R
2022,lee-d005,Dylan Lee,L,L
2022,lee-e001,Evan Lee,L,L
2022,lee-k001,Khalil Lee,L,L
2022,lee-k002,Korey Lee,R,R
2022,leitm002,Mark Leiter,R,R
2022,lemad001,DJ LeMahieu,R,R
2022,lemoj001,Jacob Lemoine,R,R
2022,leond003,Dominic Leone,R,R
2022,leons001,Sandy Leon,B,R
2022,lestj002,Josh Lester,L,R
2022,lewik001,Kyle Lewis,R,R
2022,lewir003,Royce Lewis,R,R
2022,libel001,Luis Liberato,L,L
2022,libem001,Matthew Liberatore,L,L
2022,lindf001,Francisco Lindor,B,R
2022,littb002,Brendon Little,L,L
2022,littz001,Zack Littell,R,R
2022,llovm001,Mauricio Llovera,R,R
2022,loaij001,Jonathan Loaisiga,R,R
2022,locat001,Tim Locastro,R,R
2022,lodon001,Nick Lodolo,L,L
2022,loguz001,Zach Logue,L,L
2022,longe001,Evan Longoria,R,R
2022,longs002,Sam Long,L,L
2022,lopea005,Alejo Lopez,B,R
2022,lopec001,Christian Lopes,R,R
2022,lopej004,Jorge Lopez,R,R
2022,lopen001,Nicky Lopez,L,R
2022,lopeo001,Otto Lopez,R,R
2022,lopep002,Pablo Lopez,L,R
2022,loper003,Reynaldo Lopez,R,R
2022,lopey001,Yoan Lopez,R,R
2022,lorem002,Michael Lorenzen,R,R
2022,loupa001,Aaron Loup,L,L
2022,loweb001,Brandon Lowe,L,R
2022,lowej002,Josh Lowe,L,R
2022,lowen001,Nathaniel Lowe,L,R
2022,lowrj001,Jed Lowrie,B,R
2022,lowtz001,Zac Lowther,L,L
2022,luetl001,Lucas Luetge,L,L
2022,lugos001,Seth Lugo,R,R
2022,luplj001,Jordan Luplow,R,R
2022,lux-g001,Gavin Lux,L,R
2022,luzaj001,Jesus Luzardo,L,L
2022,lylej001,Jordan Lyles,R,R
2022,lyncd001,Daniel Lynch,L,L
2022,lynnl001,Lance Lynn,R,R
2022,macha003,Andres Machado,R,R
2022,machd001,Dixon Machado,R,R
2022,machm001,Manny Machado,R,R
2022,machv001,Vimael Machin,L,R
2022,mackd001,David MacKinnon,R,R
2022,madrb002,Bligh Madris,L,R
2022,madrn001,Nick Madrigal,R,R
2022,mahlt001,Tyler Mahle,R,R
2022,maill001,Luke Maile,R,R
2022,maldm001,Martin Maldonado,R,R
2022,manas001,Sean Manaea,R,L
2022,manct001,Trey Mancini,R,R
2022,mannm001,Matt Manning,R,R
2022,manoa001,Alek Manoah,R,R
2022,mantj002,Joe Mantiply,R,L
2022,marct001,Tucupita Marcano,L,R
2022,margm001,Manuel Margot,R,R
2022,marij002,Jake Marisnick,R,R
2022,marir001,Ron Marinaccio,R,R
2022,markp001,Parker Markel,R,R
2022,marqg001,German Marquez,R,R
2022,marrd001,Deven Marrero,R,R
2022,marsb002,Brandon Marsh,L,R
2022,marta006,Adrian Martinez,R,R
2022,martb002,Brett Martin,L,L
2022,martc007,Chris Martin,R,R
2022,martc009,Corbin Martin,R,R
2022,martd006,Davis Martin,L,R
2022,martj006,J. D. Martinez,R,R
2022,martj010,Jose Marte,R,R
2022,martk001,Ketel Marte,B,R
2022,martn002,Nick Martinez,L,R
2022,martr006,Richie Martin,R,R
2022,marts002,Starling Marte,R,R
2022,marts003,Seth Martinez,R,R
2022,marty001,Yunior Marte,R,R
2022,massm001,Michael Massey,L,R
2022,mastm001,Miles Mastrobuoni,L,R
2022,matej003,Jorge Mateo,R,R
2022,mathm002,Mark Mathias,R,R
2022,matij001,J. J. Matijevic,L,R
2022,maton001,Nick Maton,L,R
2022,matop002,Phil Maton,R,R
2022,matzs001,Steven Matz,R,L
2022,matzt001,Tyler Matzek,L,L
2022,may-d003,Dustin May,R,R
2022,may-t001,Trevor May,R,R
2022,mayem001,Mike Mayers,R,R
2022,mayfj001,Jack Mayfield,R,R
2022,mayzt001,Tim Mayza,L,L
2022,mazan001,Nomar Mazara,L,L
2022,mazep001,Patrick Mazeika,L,R
2022,mazzc002,Chris Mazza,R,R
2022,mccaj001,James McCann,R,R
2022,mccaj003,Jake McCarthy,L,L
2022,mccak003,Kirk McCarty,L,L
2022,mccls003,Shane McClanahan,L,L
2022,mccoc001,Chas McCormick,R,L
2022,mccua001,Andrew McCutchen,R,R
2022,mccul002,Lance McCullers,L,R
2022,mcdom002,Mickey McDonald,L,R
2022,mcfat001,T. J. McFarland,L,L
2022,mcgee001,Easton McGee,R,R
2022,mcgej001,Jake McGee,L,L
2022,mcgur002,Reese McGuire,L,R
2022,mchuc001,Collin McHugh,R,R
2022,mckad001,David McKay,R,R
2022,mcker001,Ryan McKenna,R,R
2022,mcket001,Triston McKenzie,R,R
2022,mckib001,Billy McKinney,L,L
2022,mckiz001,Zach McKinstry,L,R
2022,mcmar001,Ryan McMahon,L,R
2022,mcnej002,Jeff McNeil,L,R
2022,meada001,Austin Meadows,L,L
2022,meanj001,John Means,L,L
2022,mearn001,Nick Mears,R,R
2022,media001,Adonis Medina,R,R
2022,megit001,Trevor Megill,L,R
2022,megit002,Tylor Megill,R,R
2022,mejif001,Francisco Mejia,B,R
2022,mejij002,J. C. Mejia,R,R
2022,melam001,Mark Melancon,R,R
2022,melem001,MJ Melendez,L,R
2022,mendd002,Danny Mendick,R,R
2022,menec001,Conner Menez,L,L
2022,menej001,Joey Meneses,R,R
2022,mengd001,Daniel Mengden,R,R
2022,merco003,Oscar Mercado,R,R
2022,mercy001,Yermin Mercedes,R,R
2022,merrj001,Julian Merryweather,R,R
2022,merrw001,Whit Merrifield,R,R
2022,meyej002,Jake Meyers,R,L
2022,meyem001,Max Meyer,L,R
2022,middk001,Keynan Middleton,R,R
2022,mikom001,Miles Mikolas,R,R
2022,milew001,Wade Miley,L,L
2022,milla003,Alec Mills,R,R
2022,millb002,Brad Miller,L,R
2022,millo002,Owen Miller,R,R
2022,mills001,Shelby Miller,R,R
2022,millt003,Tyson Miller,R,R
2022,millw002,Wyatt Mills,R,R
2022,milnh001,Hoby Milner,L,L
2022,milot001,Tommy Milone,L,L
2022,minaj001,Juan Minaya,R,R
2022,minom001,Mike Minor,R,L
2022,minta001,A. J. Minter,L,L
2022,miraj002,Jose Miranda,R,R
2022,misia001,Anthony Misiewicz,R,L
2022,mitcc002,Cal Mitchell,L,L
2022,mitcg001,Garrett Mitchell,L,R
2022,mizec001,Casey Mize,R,R
2022,moliy001,Yadier Molina,R,R
2022,molls001,Sam Moll,L,L
2022,moncy001,Yoan Moncada,B,R
2022,mondn001,Nate Mondou,L,R
2022,mondr003,Adalberto Mondesi,B,R
2022,monim001,Mickey Moniak,L,R
2022,montb001,Bryce Montes de Oca,R,R
2022,monte001,Elehuris Montero,R,R
2022,montf001,Frankie Montas,R,R
2022,montj004,Jordan Montgomery,L,L
2022,montr004,Rafael Montero,R,R
2022,moord002,Dylan Moore,R,R
2022,moorm003,Matt Moore,L,L
2022,morab001,Brian Moran,L,L
2022,morac001,Colin Moran,L,R
2022,moraf002,Francisco Morales,R,R
2022,moraj003,Jovani Moran,L,L
2022,morea001,Adrian Morejon,L,L
2022,morec001,Christopher Morel,R,R
2022,mored002,Dauri Moreta,R,R
2022,moreg001,Gabriel Moreno,R,R
2022,morge001,Eli Morgan,R,R
2022,moror001,Reyes Moronta,R,R
2022,morrc001,Cody Morris,R,R
2022,mortc002,Charlie Morton,R,R
2022,mottt001,Taylor Motter,R,R
2022,mounr001,Ryan Mountcastle,R,R
2022,mousm001,Mike Moustakas,L,R
2022,mullc002,Cedric Mullins,L,L
2022,mullk001,Kyle Muller,R,L
2022,muncm001,Max Muncy,L,R
2022,munoa002,Andres Munoz,R,R
2022,munoy001,Yairo Munoz,R,R
2022,murfp001,Penn Murfee,R,R
2022,murpp001,Patrick Murphy,R,R
2022,murps001,Sean Murphy,R,R
2022,murpt002,Tom Murphy,R,R
2022,musgj001,Joe Musgrove,R,R
2022,mushp001,Parker Mushinski,L,L
2022,muzzs001,Simon Muzziotti,L,L
2022,myerw001,Wil Myers,R,R
2022,nailj001,James Naile,R,R
2022,nanct001,Tommy Nance,R,R
2022,naqut001,Tyler Naquin,L,R
2022,narda001,Andrew Nardi,L,L
2022,narvo001,Omar Narvaez,L,R
2022,naugp001,Packy Naughton,R,L
2022,naylb001,Bo Naylor,L,R
2022,naylj001,Josh Naylor,L,L
2022,neidn001,Nick Neidert,R,R
2022,nelsk001,Kyle Nelson,L,L
2022,nelsn001,Nick Nelson,R,R
2022,nelsr003,Ryne Nelson,R,R
2022,nerih001,Hector Neris,R,R
2022,neuss001,Sheldon Neuse,R,R
2022,nevit001,Tyler Nevin,R,R
2022,newcs001,Sean Newcomb,L,L
2022,newmk001,Kevin Newman,R,R
2022,nidot001,Tomas Nido,R,R
2022,nimmb001,Brandon Nimmo,L,R
2022,nittv001,Vinny Nittoli,R,R
2022,nogos001,Stephen Nogosek,R,R
2022,nolaa001,Aaron Nola,R,R
2022,nolaa002,Austin Nola,R,R
2022,nootl001,Lars Nootbaar,L,R
2022,norrd002,Daniel Norris,L,L
2022,norwj001,James Norwood,R,R
2022,nuned001,Dom Nunez,L,R
2022,oberb002,Bailey Ober,R,R
2022,obrir001,Riley O`Brien,R,R
2022,odayd001,Darren O'Day,R,R
2022,odorj001,Jake Odorizzi,R,R
2022,odorr001,Rougned Odor,L,R
2022,oganc001,Cristofer Ogando,R,R
2022,ohear001,Ryan O'Hearn,L,L
2022,ohopl001,Logan O`Hoppe,R,R
2022,ohtas001,Shohei Ohtani,L,R
2022,okeeb001,Brian O`Keefe,R,R
2022,okers001,Steven Okert,L,L
2022,okeyc001,Chris Okey,R,R
2022,olive001,Edward Olivares,R,R
2022,ollea001,Adam Oller,R,R
2022,olsom001,Matt Olson,L,R
2022,oneit001,Tyler O'Neill,R,R
2022,ort-k001,Kaleb Ort,R,R
2022,orteo001,Oliver Ortega,R,R
2022,orter001,Rafael Ortega,L,R
2022,ortil002,Luis Ortiz,R,R
2022,ortil003,Luis Ortiz,R,R
2022,ottaa001,Adam Ottavino,B,R
2022,ottog001,Glenn Otto,R,R
2022,outmj002,James Outman,L,R
2022,overc001,Connor Overton,L,R
2022,oviej001,Johan Oviedo,R,R
2022,owinc001,Chris Owings,R,R
2022,ozunm001,Marcell Ozuna,R,R
2022,pachc001,Cristian Pache,R,R
2022,paddc001,Chris Paddack,R,R
2022,padin001,Nicholas Padilla,R,R
2022,padlk001,Kevin Padlo,R,R
2022,pagae001,Emilio Pagan,L,R
2022,palaj001,Josh Palacios,L,R
2022,palaj002,Jermaine Palacios,R,R
2022,palar002,Richie Palacios,L,R
2022,palla001,Andre Pallante,R,R
2022,papim001,Michael Papierski,B,R
2022,paree003,Enoli Paredes,R,R
2022,parei001,Isaac Paredes,R,R
2022,parkh001,Hoy Park,L,R
2022,pasqv001,Vinnie Pasquantino,L,L
2022,patil001,Luis Patino,R,R
2022,patts002,Spencer Patton,R,R
2022,payaj001,Joel Payamps,R,R
2022,paytm001,Mark Payton,L,L
2022,peacm001,Matt Peacock,R,R
2022,pedej001,Joc Pederson,L,L
2022,pegue001,Elvis Peguero,R,R
2022,pegul001,Liover Peguero,R,R
2022,penaj004,Jeremy Pena,R,R
2022,pepir001,Ryan Pepiot,R,R
2022,perad001,David Peralta,L,L
2022,peraf001,Freddy Peralta,R,R
2022,perao002,Oswald Peraza,R,R
2022,peraw001,Wily Peralta,R,R
2022,peraw002,Wandy Peralta,L,L
2022,perdg001,Geraldo Perdomo,B,R
2022,perdl002,Luis Perdomo,R,R
2022,perec004,Cionel Perez,R,L
2022,perec005,Carlos Perez,R,R
2022,peref002,Francisco Perez,B,L
2022,perej003,Joe Perez,R,R
2022,perem004,Martin Perez,L,L
2022,perem005,Michael Perez,L,R
2022,pereo002,Oliver Perez,L,L
2022,perer003,Roberto Perez,R,R
2022,peres002,Salvador Perez,R,R
2022,peted001,Dillon Peters,L,L
2022,peted003,David Peterson,L,L
2022,petej002,Jace Peterson,L,R
2022,phamt001,Tommy Pham,R,R
2022,pheld001,David Phelps,R,R
2022,philb002,Brett Phillips,L,R
2022,phile001,Evan Phillips,R,R
2022,pilkk001,Konnor Pilkington,L,L
2022,pillk001,Kevin Pillar,R,R
2022,pinam001,Manny Pina,R,R
2022,pindc001,Chad Pinder,R,R
2022,pinei001,Israel Pineda,R,R
2022,pinem001,Michael Pineda,R,R
2022,pintr003,Rene Pinto,R,R
2022,piscs001,Stephen Piscotty,R,R
2022,piven001,Nick Pivetta,R,R
2022,plasm001,Michael Plassmeyer,L,L
2022,plawk001,Kevin Plawecki,R,R
2022,plesz001,Zach Plesac,R,R
2022,plumn001,Nick Plummer,L,L
2022,pochc001,Colin Poche,L,L
2022,polaj001,Jorge Polanco,B,R
2022,polla001,AJ Pollock,R,R
2022,pop-z001,Zach Pop,R,R
2022,popps001,Sean Poppen,R,R
2022,potec001,Cody Poteet,R,R
2022,pratn001,Nick Pratto,L,L
2022,presr001,Ryan Pressly,R,R
2022,pricd001,David Price,L,L
2022,procf001,Ford Proctor,L,R
2022,profj001,Jurickson Profar,B,R
2022,pruia001,Austin Pruitt,R,R
2022,pujoa001,Albert Pujols,R,R
2022,puk-a001,A. J. Puk,L,L
2022,quanc001,Cal Quantrill,L,R
2022,quijj001,Jose Quijada,L,L
2022,quinj001,Jose Quintana,R,L
2022,quinr003,Roman Quinn,B,R
2022,quire001,Esteban Quiroz,L,R
2022,ragac001,Cole Ragans,L,L
2022,raint003,Tanner Rainey,R,R
2022,raleb001,Brooks Raley,L,L
2022,ralec001,Cal Raleigh,B,R
2022,ralel001,Luke Raley,L,R
2022,ramie004,Erasmo Ramirez,R,R
2022,ramih004,Harold Ramirez,R,R
2022,ramij003,Jose Ramirez,B,R
2022,ramin002,Noe Ramirez,R,R
2022,ramiy002,Yohan Ramirez,R,R
2022,ramoh002,Heliot Ramos,R,R
2022,rasmd002,Drew Rasmussen,R,R
2022,ray-r002,Robbie Ray,L,L
2022,realj001,J. T. Realmuto,R,R
2022,reedj005,Jake Reed,R,R
2022,refsr001,Rob Refsnyder,R,R
2022,reids001,Sean Reid-Foley,R,R
2022,reksz001,Zach Reks,L,R
2022,renda001,Anthony Rendon,R,R
2022,renfh001,Hunter Renfroe,R,R
2022,rengl001,Luis Rengifo,B,R
2022,reyed002,Denyi Reyes,R,R
2022,reyef001,Franmil Reyes,R,R
2022,reyeg002,Gerardo Reyes,R,R
2022,reyep001,Pablo Reyes,R,R
2022,reyev001,Victor Reyes,B,R
2022,reynb001,Bryan Reynolds,B,R
2022,reynm003,Matt Reynolds,R,R
2022,richg002,Garrett Richards,R,R
2022,richt001,Trevor Richards,R,R
2022,riddj001,JT Riddle,L,R
2022,rilea001,Austin Riley,R,R
2022,riose001,Edwin Rios,L,R
2022,rivaa001,Alfonso Rivas,L,L
2022,rivee001,Emmanuel Rivera,R,R
2022,rives002,Sebastian Rivero,R,R
2022,rizza001,Anthony Rizzo,L,L
2022,robed002,David Robertson,R,R
2022,robee001,Ethan Roberts,R,R
2022,robek003,Kramer Robertson,R,R
2022,robel002,Luis Robert,R,R
2022,robic003,Chuckie Robinson,R,R
2022,roblh001,Hansel Robles,R,R
2022,roblv001,Victor Robles,R,R
2022,rodgb002,Brendan Rodgers,R,R
2022,rodoc001,Carlos Rodon,L,L
2022,rodrd001,Dereck Rodriguez,R,R
2022,rodre004,Eduardo Rodriguez,L,L
2022,rodre005,Elvin Rodriguez,R,R
2022,rodrj004,Joely Rodriguez,L,L
2022,rodrj007,Julio Rodriguez,R,R
2022,rodrm001,Manuel Rodriguez,R,R
2022,rodry002,Yerry Rodriguez,R,R
2022,rogej003,Josh Rogers,L,L
2022,roget001,Taylor Rogers,L,L
2022,roget002,Tyler Rogers,R,R
2022,roget003,Trevor Rogers,L,L
2022,rojaj001,Josh Rojas,L,R
2022,rojaj002,Jose Rojas,L,R
2022,rojam002,Miguel Rojas,R,R
2022,romaj004,Jordan Romano,R,R
2022,romej002,JoJo Romero,L,L
2022,romej003,Jhon Romero,R,R
2022,romet001,Tommy Romero,R,R
2022,romia002,Austin Romine,R,R
2022,romos001,Sergio Romo,R,R
2022,ronda001,Angel Rondon,R,R
2022,rookb001,Brent Rooker,R,R
2022,rosaa003,Amed Rosario,R,R
2022,rosae001,Eddie Rosario,L,R
2022,rosae002,Eguy Rosario,R,R
2022,rosek001,Kenny Rosenberg,L,L
2022,rossb001,Bubby Rossman,B,R
2022,ruckm001,Michael Rucker,R,R
2022,ruf-d001,Darin Ruf,R,R
2022,ruize001,Esteury Ruiz,R,R
2022,ruizj001,Jose Ruiz,R,R
2022,ruizk001,Keibert Ruiz,B,R
2022,ruizn001,Norge Ruiz,R,R
2022,rutsa001,Adley Rutschman,B,R
2022,ryanj002,Joe Ryan,R,R
2022,ryu-h001,Hyun Jin Ryu,R,L
2022,sadzc001,Connor Sadzeck,R,R
2022,salec001,Chris Sale,L,L
2022,sampa001,Adrian Sampson,R,R
2022,sanca004,Anibal Sanchez,R,R
2022,sanca006,Aaron Sanchez,R,R
2022,sancc001,Yolmer Sanchez,B,R
2022,sancc002,Cristopher Sanchez,L,L
2022,sancg002,Gary Sanchez,R,R
2022,sancj003,Jesus Sanchez,L,R
2022,sancm001,Miguel Sanchez,R,R
2022,sandc001,Cole Sands,R,R
2022,sandd004,Donny Sands,R,R
2022,sandn001,Nick Sandlin,R,R
2022,sandp002,Patrick Sandoval,L,L
2022,sandp003,Phoenix Sanders,R,R
2022,sanmr001,Reiver Sanmartin,L,L
2022,sanom001,Miguel Sano,R,R
2022,santa003,Anthony Santander,B,R
2022,santc002,Carlos Santana,B,R
2022,santd003,Dennis Santana,R,R
2022,santg001,Gregory Santos,R,R
2022,santt001,Tony Santillan,R,R
2022,sauct001,Tayler Saucedo,L,L
2022,sawah001,Hirokazu Sawamura,R,R
2022,sborj002,Josh Sborz,R,R
2022,schem001,Max Scherzer,R,R
2022,schmc002,Clarke Schmidt,R,R
2022,schoj001,Jonathan Schoop,R,R
2022,schrj001,John Schreiber,R,R
2022,schrm001,Max Schrock,L,R
2022,schwf001,Frank Schwindel,R,R
2022,schwk001,Kyle Schwarber,L,R
2022,scott003,Tanner Scott,R,L
2022,scott004,Tayler Scott,R,R
2022,seabc001,Connor Seabold,R,R
2022,seagc001,Corey Seager,L,R
2022,searj001,JP Sears,R,L
2022,sedlc001,Cody Sedlock,R,R
2022,seguj002,Jean Segura,R,R
2022,selms001,Sam Selman,R,L
2022,semim001,Marcus Semien,R,R
2022,senza001,Antonio Senzatela,R,R
2022,senzn001,Nick Senzel,R,R
2022,servb001,Brian Serven,R,R
2022,sevea002,Anderson Severino,L,L
2022,sevel001,Luis Severino,R,R
2022,sevep001,Pedro Severino,R,R
2022,sewap001,Paul Sewald,R,R
2022,shawb001,Bryan Shaw,B,R
2022,shawt001,Travis Shaw,L,R
2022,sheeg001,Gavin Sheets,L,L
2022,shefj001,Justus Sheffield,L,L
2022,shefj002,Jordan Sheffield,R,R
2022,shorz001,Zack Short,R,R
2022,shrec001,Chasen Shreve,L,L
2022,sianm001,Mike Siani,L,L
2022,sierm002,Magneuris Sierra,L,L
2022,silsc001,Chase Silseth,R,R
2022,simma001,Andrelton Simmons,R,R
2022,simsl001,Lucas Sims,R,R
2022,singb001,Brady Singer,R,R
2022,sirij001,Jose Siri,R,R
2022,skubt001,Tarik Skubal,R,L
2022,slata001,Austin Slater,R,R
2022,smale001,Ethan Small,L,L
2022,smeld001,Devin Smeltzer,R,L
2022,smitc006,Caleb Smith,R,L
2022,smitc007,Chad Smith,R,R
2022,smitc008,Canaan Smith-Njigba,L,R
2022,smitd008,Dominic Smith,L,L
2022,smitd009,Drew Smith,R,R
2022,smitj002,Joe Smith,R,R
2022,smitj007,Josh Smith,L,R
2022,smitk003,Kevin Smith,R,R
2022,smitp002,Pavin Smith,L,L
2022,smitw002,Will Smith,R,L
2022,smitw003,Will Smith,R,R
2022,smyld001,Drew Smyly,L,L
2022,sneak001,Kirby Snead,L,L
2022,snelb001,Blake Snell,L,L
2022,snidc001,Collin Snider,R,R
2022,snydn001,Nicklaus Snyder,R,R
2022,solad001,Donovan Solano,R,R
2022,solan001,Nick Solak,R,R
2022,solej001,Jorge Soler,R,R
2022,soloj001,Jared Solomon,R,R
2022,sosae001,Edmundo Sosa,R,R
2022,sosal001,Lenyn Sosa,R,R
2022,sotog003,Gregory Soto,L,L
2022,sotoj001,Juan Soto,L,L
2022,sotol001,Livan Soto,L,R
2022,sousb001,Bennett Sousa,L,L
2022,souzs001,Steven Souza,R,R
2022,spanc001,Cory Spangenberg,L,R
2022,speig001,Gabe Speier,L,L
2022,sprig001,George Springer,R,R
2022,sprij001,Jeffrey Springs,L,L
2022,stalj001,Jacob Stallings,R,R
2022,stamc001,Craig Stammen,R,R
2022,stanm004,Giancarlo Stanton,R,R
2022,stanr002,Ryne Stanek,R,R
2022,stasc001,Cody Stashak,R,R
2022,stasm001,Max Stassi,R,R
2022,stauj001,Josh Staumont,R,R
2022,stecd001,Drew Steckenrider,R,R
2022,steej002,Justin Steele,L,L
2022,stees001,Spencer Steer,R,R
2022,stefm001,Michael Stefanic,R,R
2022,stepj002,Jackson Stephens,R,R
2022,stepr002,Robert Stephenson,R,R
2022,stept001,Tyler Stephenson,R,R
2022,stept002,Trevor Stephan,R,R
2022,stevc001,Cal Stevenson,L,L
2022,stewd002,DJ Stewart,L,R
2022,stjol001,Locke St. John,L,L
2022,stort001,Trevor Story,R,R
2022,stotb001,Bryson Stott,L,R
2022,stoue001,Eric Stout,L,L
2022,stowk001,Kyle Stowers,L,L
2022,strac001,Chris Stratton,R,R
2022,stram001,Matt Strahm,R,L
2022,stram002,Myles Straw,R,R
2022,stras001,Stephen Strasburg,R,R
2022,strih001,Hunter Strickland,R,R
2022,strir001,Ross Stripling,R,R
2022,stris002,Spencer Strider,R,R
2022,strom001,Marcus Stroman,R,R
2022,strzp001,Peter Strzelecki,R,R
2022,stubg001,Garrett Stubbs,L,R
2022,suare001,Eugenio Suarez,R,R
2022,suarj001,Jose Suarez,L,L
2022,suarr001,Ranger Suarez,L,L
2022,suarr002,Robert Suarez,R,R
2022,sulsb001,Beau Sulser,R,R
2022,sulsc001,Cole Sulser,R,R
2022,suteb001,Brent Suter,L,L
2022,suwij001,Jack Suwinski,L,L
2022,suzuk001,Kurt Suzuki,R,R
2022,suzus001,Seiya Suzuki,R,R
2022,swagt001,Travis Swaggerty,L,L
2022,swand001,Dansby Swanson,R,R
2022,swane001,Erik Swanson,R,R
2022,swarm001,Matt Swarmer,R,R
2022,syndn001,Noah Syndergaard,L,R
2022,szapt001,Thomas Szapucki,R,L
2022,tailj001,Jameson Taillon,R,R
2022,tapid001,Domingo Tapia,R,R
2022,tapir001,Raimel Tapia,L,L
2022,tarnf001,Freddy Tarnok,R,R
2022,tated001,Dillon Tate,R,R
2022,tavel001,Leody Taveras,B,R
2022,taylb004,Blake Taylor,L,L
2022,taylc001,Chris Taylor,R,R
2022,taylm002,Michael Taylor,R,R
2022,taylt002,Tyrone Taylor,R,R
2022,tellr001,Rowdy Tellez,L,L
2022,teper001,Ryan Tepera,R,R
2022,tetrj001,Jackson Tetreault,R,R
2022,thaim001,Matt Thaiss,L,R
2022,thiec001,Caleb Thielbar,R,L
2022,thoma004,Alek Thomas,L,L
2022,thomb003,Bubba Thompson,R,R
2022,thomc003,Cody Thomas,L,R
2022,thomd004,Dillon Thomas,L,L
2022,thomk002,Keegan Thompson,R,R
2022,thoml002,Lane Thomas,R,R
2022,thomm005,Mason Thompson,R,R
2022,thomr007,Ryan Thompson,R,R
2022,thomt002,Trayce Thompson,R,R
2022,thomz001,Zach Thompson,R,R
2022,thomz002,Zack Thompson,L,L
2022,thort001,Tyler Thornburg,R,R
2022,thort002,Trent Thornton,R,R
2022,tinoj001,Jesus Tinoco,R,R
2022,toglm001,Michael Toglia,B,L
2022,tom-k001,Ka'ai Tom,L,R
2022,topaj001,Justin Topa,R,R
2022,torks001,Spencer Torkelson,R,R
2022,toroa001,Abraham Toro,B,R
2022,torrg001,Gleyber Torres,R,R
2022,torrl001,Luis Torrens,R,R
2022,toust001,Touki Toussaint,R,R
2022,tovae001,Ezequiel Tovar,R,R
2022,tramt001,Taylor Trammell,L,L
2022,treib001,Blake Treinen,R,R
2022,treja001,Alan Trejo,R,R
2022,trevj001,Jose Trevino,R,R
2022,trivl001,Lou Trivino,R,R
2022,tromc001,Chadwick Tromp,R,R
2022,troum001,Mike Trout,R,R
2022,tsuty001,Yoshi Tsutsugo,L,R
2022,tuckc001,Cole Tucker,B,R
2022,tuckk001,Kyle Tucker,L,R
2022,tullt001,Tanner Tully,L,L
2022,turnj001,Justin Turner,R,R
2022,turnt001,Trea Turner,R,R
2022,tylek001,Kyle Tyler,R,R
2022,ucete001,Edwin Uceta,R,R
2022,uelme001,Erich Uelmen,R,R
2022,unded001,Duane Underwood,R,R
2022,uptoj001,Justin Upton,R,R
2022,urenj001,Jose Urena,R,R
2022,uriaj001,Julio Urias,L,L
2022,urial001,Luis Urias,R,R
2022,uriar001,Ramon Urias,R,R
2022,urquj001,Jose Urquidy,R,R
2022,urshg001,Gio Urshela,R,R
2022,valdc003,Cesar Valdez,R,R
2022,valdf001,Framber Valdez,R,L
2022,valdp002,Phillips Valdez,R,R
2022,vanmj001,Josh VanMeter,L,R
2022,vargi001,Ildemaro Vargas,B,R
2022,vargm001,Miguel Vargas,R,R
2022,varll001,Louie Varland,L,R
2022,varsd001,Daulton Varsho,L,R
2022,vasqa002,Andrew Vasquez,L,L
2022,vauga001,Andrew Vaughn,R,R
2022,vavrt001,Terrin Vavra,L,R
2022,vazqc001,Christian Vazquez,R,R
2022,velaa001,Andrew Velazquez,B,R
2022,velan001,Nelson Velazquez,R,R
2022,velav001,Vince Velasquez,R,R
2022,verda001,Alex Verdugo,L,L
2022,verhd001,Drew VerHagen,R,R
2022,verlj001,Justin Verlander,R,R
2022,vesia001,Alex Vesia,L,L
2022,vespn001,Nick Vespi,L,L
2022,vestw001,Will Vest,R,R
2022,vieac001,Cam Vieaux,L,L
2022,vienm001,Mark Vientos,R,R
2022,vierm001,Matt Vierling,R,R
2022,villd001,David Villar,R,R
2022,villj001,Jonathan Villar,B,R
2022,vilom001,Meibrys Viloria,L,R
2022,vizca001,Arodys Vizcaino,R,R
2022,voged001,Daniel Vogelbach,L,R
2022,vogts001,Stephen Vogt,L,R
2022,voitl001,Luke Voit,R,R
2022,voslj001,Jason Vosler,L,R
2022,votha001,Austin Voth,R,R
2022,vottj001,Joey Votto,L,R
2022,wachm001,Michael Wacha,R,R
2022,wadel001,LaMonte Wade,L,L
2022,wadet002,Tyler Wade,L,R
2022,waina001,Adam Wainwright,R,R
2022,waitc001,Cole Waites,R,R
2022,waldk003,Ken Waldichuk,L,L
2022,walkc002,Christian Walker,R,R
2022,walks001,Steele Walker,L,L
2022,walkt004,Taijuan Walker,R,R
2022,wallc001,Chad Wallach,R,R
2022,wallm001,Matt Wallner,L,R
2022,wallt003,Taylor Walls,B,R
2022,walsj001,Jared Walsh,L,L
2022,walsj002,Jake Walsh,R,R
2022,waltd002,Donovan Walton,L,R
2022,waltn001,Nash Walters,R,R
2022,wanta001,Andrew Wantz,R,R
2022,wardt002,Taylor Ward,R,R
2022,warra002,Art Warren,R,R
2022,warra003,Austin Warren,R,R
2022,wated001,Drew Waters,B,R
2022,watks003,Spenser Watkins,R,R
2022,weatr001,Ryan Weathers,R,L
2022,weavl001,Luke Weaver,R,R
2022,webbl001,Logan Webb,R,R
2022,weber001,Ryan Weber,R,R
2022,weemj001,Jordan Weems,L,R
2022,weisg001,Greg Weissert,R,R
2022,weisz001,Zack Weiss,R,R
2022,wella001,Alex Wells,L,L
2022,wellt003,Tyler Wells,R,R
2022,wendj001,J. B. Wendelken,R,R
2022,wendj002,Joey Wendle,L,R
2022,wentj001,Joey Wentz,L,L
2022,wesnh001,Hayden Wesneski,R,R
2022,wheez001,Zack Wheeler,L,R
2022,whita002,Aaron Whitefield,R,R
2022,white006,Eli White,R,R
2022,whitg002,Garrett Whitlock,R,R
2022,whitk001,Kodi Whitley,R,R
2022,whitm004,Mitch White,R,R
2022,wickr001,Rowan Wick,L,R
2022,widet001,Taylor Widener,L,R
2022,wilec001,Collin Wiles,R,R
2022,willd004,Devin Williams,R,R
2022,willl001,Luke Williams,R,R
2022,willt002,Trevor Williams,R,R
2022,wilsb003,Bryse Wilson,R,R
2022,wilsj004,Justin Wilson,L,L
2022,wilsm003,Marcus Wilson,R,R
2022,wilss002,Steven Wilson,R,R
2022,wincj001,Josh Winckowski,R,R
2022,windj002,Josh Winder,R,R
2022,winkj002,Jesse Winker,L,L
2022,wisdp001,Patrick Wisdom,R,R
2022,wislm001,Matt Wisler,R,R
2022,wittb002,Bobby Witt,R,R
2022,wittn001,Nick Wittgren,R,R
2022,woltt001,Tony Wolters,L,R
2022,wongc001,Connor Wong,R,R
2022,wongk001,Kolten Wong,L,R
2022,wooda002,Alex Wood,R,L
2022,woodb005,Brandon Woodruff,L,R
2022,woodj003,Jake Woodford,R,R
2022,woods002,Simeon Woods Richardson,R,R
2022,woodw001,William Woods,R,R
2022,wrigk001,Kyle Wright,R,R
2022,wynna001,Austin Wynns,R,R
2022,yacaj001,Jimmy Yacabonis,R,R
2022,yajum001,Miguel Yajure,R,R
2022,yarbr001,Ryan Yarbrough,R,L
2022,yastm001,Mike Yastrzemski,L,L
2022,yatek001,Kirby Yates,L,R
2022,yelic001,Christian Yelich,L,R
2022,yepej001,Juan Yepez,R,R
2022,ynoah001,Huascar Ynoa,R,R
2022,youna002,Alex Young,L,L
2022,yound005,Danny Young,L,L
2022,younj003,Jared Young,L,R
2022,zabaa001,Aneurys Zabala,R,R
2022,zastr001,Rob Zastryzny,R,L
2022,zavas001,Seby Zavala,R,R
2022,zerpa001,Angel Zerpa,L,L
2022,zeuct001,T. J. Zeuch,R,R
2022,zimmb001,Bradley Zimmer,L,R
2022,zimmb002,Bruce Zimmermann,L,L
2022,zunim001,Mike Zunino,R,R
